[
    {
        "label":"\"Fata Morgana\", via dei Volsci 3, Rome, Italy",
        "value":"\"Fata Morgana\", via dei Volsci 3, Rome, Italy"
    },
    {
        "label":"Aarhus, Denmark",
        "value":"Aarhus, Denmark"
    },
    {
        "label":"Adelaide, Australia",
        "value":"Adelaide, Australia"
    },
    {
        "label":"Adelaide, South Australia",
        "value":"Adelaide, South Australia"
    },
    {
        "label":"Alagoas, Brazil",
        "value":"Alagoas, Brazil"
    },
    {
        "label":"Alberta",
        "value":"Alberta"
    },
    {
        "label":"Alboraya (Valencia), Spain",
        "value":"Alboraya (Valencia), Spain"
    },
    {
        "label":"Alboraya, Valencia, Spain",
        "value":"Alboraya, Valencia, Spain"
    },
    {
        "label":"Alcal\u00e1 de Henares, Spain",
        "value":"Alcal\u00e1 de Henares, Spain"
    },
    {
        "label":"Alcorc\u00f3n, Madrid, Spain",
        "value":"Alcorc\u00f3n, Madrid, Spain"
    },
    {
        "label":"Algeciras",
        "value":"Algeciras"
    },
    {
        "label":"Alicante, Spain",
        "value":"Alicante, Spain"
    },
    {
        "label":"Almada, Portugal",
        "value":"Almada, Portugal"
    },
    {
        "label":"Alpharetta, Georgia",
        "value":"Alpharetta, Georgia"
    },
    {
        "label":"Alternate Universes, Holmes, Pennsylvania",
        "value":"Alternate Universes, Holmes, Pennsylvania"
    },
    {
        "label":"Al\u00e8s, France",
        "value":"Al\u00e8s, France"
    },
    {
        "label":"Amadora, Portugal",
        "value":"Amadora, Portugal"
    },
    {
        "label":"Amherst, Nova Scotia",
        "value":"Amherst, Nova Scotia"
    },
    {
        "label":"Amstelveen, Netherlands",
        "value":"Amstelveen, Netherlands"
    },
    {
        "label":"Angers, France",
        "value":"Angers, France"
    },
    {
        "label":"Ann Arbor, Michigan",
        "value":"Ann Arbor, Michigan"
    },
    {
        "label":"Annerley, Brisbane, Australia",
        "value":"Annerley, Brisbane, Australia"
    },
    {
        "label":"Antwerp, Belgium",
        "value":"Antwerp, Belgium"
    },
    {
        "label":"Arizona",
        "value":"Arizona"
    },
    {
        "label":"Arnhem, Netherlands",
        "value":"Arnhem, Netherlands"
    },
    {
        "label":"Asheville, North Carolina",
        "value":"Asheville, North Carolina"
    },
    {
        "label":"Atlanta, Georgia",
        "value":"Atlanta, Georgia"
    },
    {
        "label":"Auckland, New Zealand",
        "value":"Auckland, New Zealand"
    },
    {
        "label":"Austin",
        "value":"Austin"
    },
    {
        "label":"Austin, Texas",
        "value":"Austin, Texas"
    },
    {
        "label":"Australia",
        "value":"Australia"
    },
    {
        "label":"Austria",
        "value":"Austria"
    },
    {
        "label":"Avrill\u00e9, France",
        "value":"Avrill\u00e9, France"
    },
    {
        "label":"Bad Nauheim, Germany",
        "value":"Bad Nauheim, Germany"
    },
    {
        "label":"Bad Naumheim, Germany",
        "value":"Bad Naumheim, Germany"
    },
    {
        "label":"Badalona, Barcelona, Spain",
        "value":"Badalona, Barcelona, Spain"
    },
    {
        "label":"Badalona, Spain",
        "value":"Badalona, Spain"
    },
    {
        "label":"Badia del Valles, Barcelona, Spain",
        "value":"Badia del Valles, Barcelona, Spain"
    },
    {
        "label":"Badia del Valles, Spain",
        "value":"Badia del Valles, Spain"
    },
    {
        "label":"Badia del Vall\u00e8s, Barcelona, Spain",
        "value":"Badia del Vall\u00e8s, Barcelona, Spain"
    },
    {
        "label":"Badia del Vall\u00e8s, Spain",
        "value":"Badia del Vall\u00e8s, Spain"
    },
    {
        "label":"Badia del valles, Barcelona, Spain",
        "value":"Badia del valles, Barcelona, Spain"
    },
    {
        "label":"Bad\u00eda del Vall\u00e9s, Barcelona, Spain",
        "value":"Bad\u00eda del Vall\u00e9s, Barcelona, Spain"
    },
    {
        "label":"Bad\u00eda del Vall\u00e9s, Spain",
        "value":"Bad\u00eda del Vall\u00e9s, Spain"
    },
    {
        "label":"Bailleau le Pin, France",
        "value":"Bailleau le Pin, France"
    },
    {
        "label":"Bailleau-le-Pin, France",
        "value":"Bailleau-le-Pin, France"
    },
    {
        "label":"Baltic Sea, Finland",
        "value":"Baltic Sea, Finland"
    },
    {
        "label":"Bangor, Maine",
        "value":"Bangor, Maine"
    },
    {
        "label":"Bar do Henriq, Vitoria, Brazil",
        "value":"Bar do Henriq, Vitoria, Brazil"
    },
    {
        "label":"Barakaldo, Spain",
        "value":"Barakaldo, Spain"
    },
    {
        "label":"Barceloma, Spain",
        "value":"Barceloma, Spain"
    },
    {
        "label":"Barcelona, Spain",
        "value":"Barcelona, Spain"
    },
    {
        "label":"Barga, Italy",
        "value":"Barga, Italy"
    },
    {
        "label":"Barra de S\u00e3o Miguel, Brazil",
        "value":"Barra de S\u00e3o Miguel, Brazil"
    },
    {
        "label":"Bath, England",
        "value":"Bath, England"
    },
    {
        "label":"Beauport, Quebec",
        "value":"Beauport, Quebec"
    },
    {
        "label":"Belarus",
        "value":"Belarus"
    },
    {
        "label":"Belgium",
        "value":"Belgium"
    },
    {
        "label":"Belgrade, Serbia",
        "value":"Belgrade, Serbia"
    },
    {
        "label":"Belo Horizonte, Brasil",
        "value":"Belo Horizonte, Brasil"
    },
    {
        "label":"Belo Horizonte, Brazil",
        "value":"Belo Horizonte, Brazil"
    },
    {
        "label":"Belo Horizonte, Minas Gerais, Brazil",
        "value":"Belo Horizonte, Minas Gerais, Brazil"
    },
    {
        "label":"Belorussia",
        "value":"Belorussia"
    },
    {
        "label":"Bergen, Norway",
        "value":"Bergen, Norway"
    },
    {
        "label":"Berkeley, California",
        "value":"Berkeley, California"
    },
    {
        "label":"Berlin, Germany",
        "value":"Berlin, Germany"
    },
    {
        "label":"Bilbao, Spain",
        "value":"Bilbao, Spain"
    },
    {
        "label":"Billerica, Massachusetts",
        "value":"Billerica, Massachusetts"
    },
    {
        "label":"Binghamton, New York",
        "value":"Binghamton, New York"
    },
    {
        "label":"Blacktown, Australia",
        "value":"Blacktown, Australia"
    },
    {
        "label":"Blacktown, Sydney, Australia",
        "value":"Blacktown, Sydney, Australia"
    },
    {
        "label":"Bochum, Germany",
        "value":"Bochum, Germany"
    },
    {
        "label":"Bologna, Italy",
        "value":"Bologna, Italy"
    },
    {
        "label":"Bolzano, Italy",
        "value":"Bolzano, Italy"
    },
    {
        "label":"Bonn, Germany",
        "value":"Bonn, Germany"
    },
    {
        "label":"Bonyh\u00e1d, Hungary",
        "value":"Bonyh\u00e1d, Hungary"
    },
    {
        "label":"Bordeaux, France",
        "value":"Bordeaux, France"
    },
    {
        "label":"Boston",
        "value":"Boston"
    },
    {
        "label":"Boston, Massachusetts",
        "value":"Boston, Massachusetts"
    },
    {
        "label":"Bourg La Reine, France",
        "value":"Bourg La Reine, France"
    },
    {
        "label":"Bourg la Reine, France",
        "value":"Bourg la Reine, France"
    },
    {
        "label":"Brasil",
        "value":"Brasil"
    },
    {
        "label":"Bratislava, Slovak Republic",
        "value":"Bratislava, Slovak Republic"
    },
    {
        "label":"Bratislava, Slovakia",
        "value":"Bratislava, Slovakia"
    },
    {
        "label":"Brave New World, Cologne, Germany",
        "value":"Brave New World, Cologne, Germany"
    },
    {
        "label":"Brazil",
        "value":"Brazil"
    },
    {
        "label":"Brescia, Italy",
        "value":"Brescia, Italy"
    },
    {
        "label":"Brisbane, Australia",
        "value":"Brisbane, Australia"
    },
    {
        "label":"Brisbane, Queensland, Australia",
        "value":"Brisbane, Queensland, Australia"
    },
    {
        "label":"British Hotel, North Adelaide, Australia",
        "value":"British Hotel, North Adelaide, Australia"
    },
    {
        "label":"Brno, Czech Republic",
        "value":"Brno, Czech Republic"
    },
    {
        "label":"Brooklyn, New York",
        "value":"Brooklyn, New York"
    },
    {
        "label":"Brussels, Belgium",
        "value":"Brussels, Belgium"
    },
    {
        "label":"Bruxelles, Belgium",
        "value":"Bruxelles, Belgium"
    },
    {
        "label":"Budapest, Hungary",
        "value":"Budapest, Hungary"
    },
    {
        "label":"Buffalo, New York",
        "value":"Buffalo, New York"
    },
    {
        "label":"Burton on Trent, England",
        "value":"Burton on Trent, England"
    },
    {
        "label":"Burton-on-Trent, England",
        "value":"Burton-on-Trent, England"
    },
    {
        "label":"Butler, Wisconsin",
        "value":"Butler, Wisconsin"
    },
    {
        "label":"Bydgoszcz, Poland",
        "value":"Bydgoszcz, Poland"
    },
    {
        "label":"Bystricka, Czech Republic",
        "value":"Bystricka, Czech Republic"
    },
    {
        "label":"Byst\u0159i\u010dka, Czech Republic",
        "value":"Byst\u0159i\u010dka, Czech Republic"
    },
    {
        "label":"Caen, France",
        "value":"Caen, France"
    },
    {
        "label":"California",
        "value":"California"
    },
    {
        "label":"Cambridge, England",
        "value":"Cambridge, England"
    },
    {
        "label":"Campina Grande, Brazil",
        "value":"Campina Grande, Brazil"
    },
    {
        "label":"Canada",
        "value":"Canada"
    },
    {
        "label":"Canberra, Australia",
        "value":"Canberra, Australia"
    },
    {
        "label":"Cannes, France",
        "value":"Cannes, France"
    },
    {
        "label":"Cape Town, South Africa",
        "value":"Cape Town, South Africa"
    },
    {
        "label":"Carcassone, France",
        "value":"Carcassone, France"
    },
    {
        "label":"Carcassonne, France",
        "value":"Carcassonne, France"
    },
    {
        "label":"Cards of Paradise, Rio de Janeiro, Brazil",
        "value":"Cards of Paradise, Rio de Janeiro, Brazil"
    },
    {
        "label":"Cariri, Brazil",
        "value":"Cariri, Brazil"
    },
    {
        "label":"Casa do JJ, Fortaleza, Brazil",
        "value":"Casa do JJ, Fortaleza, Brazil"
    },
    {
        "label":"Castell\u00f3n, Spain",
        "value":"Castell\u00f3n, Spain"
    },
    {
        "label":"Castro Valley, California",
        "value":"Castro Valley, California"
    },
    {
        "label":"Cataguases, Brazil",
        "value":"Cataguases, Brazil"
    },
    {
        "label":"Caucaia, Brazil",
        "value":"Caucaia, Brazil"
    },
    {
        "label":"Caves Saint-Sabin, Paris, France",
        "value":"Caves Saint-Sabin, Paris, France"
    },
    {
        "label":"Cear\u00e1, Brazil",
        "value":"Cear\u00e1, Brazil"
    },
    {
        "label":"Center Cards Store, Jundia\u00ed, Brazil",
        "value":"Center Cards Store, Jundia\u00ed, Brazil"
    },
    {
        "label":"Centre d'animation La Prairie, Caen, France",
        "value":"Centre d'animation La Prairie, Caen, France"
    },
    {
        "label":"Centro Culturale La Maggiolina, Rome, Italy",
        "value":"Centro Culturale La Maggiolina, Rome, Italy"
    },
    {
        "label":"Ceska Skalica, Czech Republic",
        "value":"Ceska Skalica, Czech Republic"
    },
    {
        "label":"Champaign, Illinois",
        "value":"Champaign, Illinois"
    },
    {
        "label":"Chantilly, Virginia",
        "value":"Chantilly, Virginia"
    },
    {
        "label":"Charleston, South Carolina",
        "value":"Charleston, South Carolina"
    },
    {
        "label":"Charlotte, North Carolina",
        "value":"Charlotte, North Carolina"
    },
    {
        "label":"Chateau du Goulding, Burton-on-Trent, England",
        "value":"Chateau du Goulding, Burton-on-Trent, England"
    },
    {
        "label":"Chicago, Illinois",
        "value":"Chicago, Illinois"
    },
    {
        "label":"Chile",
        "value":"Chile"
    },
    {
        "label":"Chorz\u00f3w, Poland",
        "value":"Chorz\u00f3w, Poland"
    },
    {
        "label":"Cincinatti, Ohio",
        "value":"Cincinatti, Ohio"
    },
    {
        "label":"Cincinnati, Ohio",
        "value":"Cincinnati, Ohio"
    },
    {
        "label":"Clermont-Ferrand, France",
        "value":"Clermont-Ferrand, France"
    },
    {
        "label":"Club Arioch, Palma de Mallorca, Spain",
        "value":"Club Arioch, Palma de Mallorca, Spain"
    },
    {
        "label":"Coimbra, Portugal",
        "value":"Coimbra, Portugal"
    },
    {
        "label":"College Station, Texas",
        "value":"College Station, Texas"
    },
    {
        "label":"Cologne, Germany",
        "value":"Cologne, Germany"
    },
    {
        "label":"Colorado",
        "value":"Colorado"
    },
    {
        "label":"Columbia, South Carolina",
        "value":"Columbia, South Carolina"
    },
    {
        "label":"Columbus Convention Centre, Ohio",
        "value":"Columbus Convention Centre, Ohio"
    },
    {
        "label":"Columbus Ohio",
        "value":"Columbus Ohio"
    },
    {
        "label":"Columbus, Ohio",
        "value":"Columbus, Ohio"
    },
    {
        "label":"Comic Shop Plus, Newark, Ohio",
        "value":"Comic Shop Plus, Newark, Ohio"
    },
    {
        "label":"Comics and Games CON, Lucca, Italy",
        "value":"Comics and Games CON, Lucca, Italy"
    },
    {
        "label":"ConTac Gaming Convention, Tacoma, Washington",
        "value":"ConTac Gaming Convention, Tacoma, Washington"
    },
    {
        "label":"Connecticut",
        "value":"Connecticut"
    },
    {
        "label":"Coon Rapids, Minnesota",
        "value":"Coon Rapids, Minnesota"
    },
    {
        "label":"Copenhagen, Denmark",
        "value":"Copenhagen, Denmark"
    },
    {
        "label":"Cordoba, Spain",
        "value":"Cordoba, Spain"
    },
    {
        "label":"Cornell Univeristy, Ithaca, New York",
        "value":"Cornell Univeristy, Ithaca, New York"
    },
    {
        "label":"Cornell University, Ithaca, New York",
        "value":"Cornell University, Ithaca, New York"
    },
    {
        "label":"Courtois VTES Palace, Los Angeles, California",
        "value":"Courtois VTES Palace, Los Angeles, California"
    },
    {
        "label":"Crato, Brazil",
        "value":"Crato, Brazil"
    },
    {
        "label":"Crato, Cear\u00e1, Brazil",
        "value":"Crato, Cear\u00e1, Brazil"
    },
    {
        "label":"Croatia",
        "value":"Croatia"
    },
    {
        "label":"Curitiba, Brazil",
        "value":"Curitiba, Brazil"
    },
    {
        "label":"Cyberfrag. Santiago, Chile",
        "value":"Cyberfrag. Santiago, Chile"
    },
    {
        "label":"Czech Republic",
        "value":"Czech Republic"
    },
    {
        "label":"Czestochowa, Poland",
        "value":"Czestochowa, Poland"
    },
    {
        "label":"C\u00f3rdoba, Spain",
        "value":"C\u00f3rdoba, Spain"
    },
    {
        "label":"D.C.",
        "value":"D.C."
    },
    {
        "label":"Dallas",
        "value":"Dallas"
    },
    {
        "label":"Dallas, Texas",
        "value":"Dallas, Texas"
    },
    {
        "label":"Darkwood Manor, Westerville, Ohio",
        "value":"Darkwood Manor, Westerville, Ohio"
    },
    {
        "label":"Darmstadt, Germany",
        "value":"Darmstadt, Germany"
    },
    {
        "label":"Debrecen, Hungary",
        "value":"Debrecen, Hungary"
    },
    {
        "label":"Denmark",
        "value":"Denmark"
    },
    {
        "label":"Denver, Colorado",
        "value":"Denver, Colorado"
    },
    {
        "label":"Devir Bookstore, S\u00e3o Paulo, Brazil",
        "value":"Devir Bookstore, S\u00e3o Paulo, Brazil"
    },
    {
        "label":"Devir Livraria, S\u00e3o Paulo, Brazil",
        "value":"Devir Livraria, S\u00e3o Paulo, Brazil"
    },
    {
        "label":"Dragon's Lair, Austin, Texas",
        "value":"Dragon's Lair, Austin, Texas"
    },
    {
        "label":"Dragon's Lair, Stockholm, Sweden",
        "value":"Dragon's Lair, Stockholm, Sweden"
    },
    {
        "label":"Dragon*Con 1999, Atlanta, Georgia",
        "value":"Dragon*Con 1999, Atlanta, Georgia"
    },
    {
        "label":"DragonCon 1998, Atlanta, Georgia",
        "value":"DragonCon 1998, Atlanta, Georgia"
    },
    {
        "label":"DragonCon 2001, Atlanta, Georgia",
        "value":"DragonCon 2001, Atlanta, Georgia"
    },
    {
        "label":"DragonCon 2002, Atlanta, Georgia",
        "value":"DragonCon 2002, Atlanta, Georgia"
    },
    {
        "label":"DragonCon 2003, Atlanta, Georgia",
        "value":"DragonCon 2003, Atlanta, Georgia"
    },
    {
        "label":"DragonCon 2004, Atlanta, Georgia",
        "value":"DragonCon 2004, Atlanta, Georgia"
    },
    {
        "label":"DragonCon 2005, Atlanta, Georgia",
        "value":"DragonCon 2005, Atlanta, Georgia"
    },
    {
        "label":"DragonCon 2006, Atlanta, Georgia",
        "value":"DragonCon 2006, Atlanta, Georgia"
    },
    {
        "label":"DragonCon 2008, Atlanta, Georgia",
        "value":"DragonCon 2008, Atlanta, Georgia"
    },
    {
        "label":"DragonCon 2009, Atlanta, Georgia",
        "value":"DragonCon 2009, Atlanta, Georgia"
    },
    {
        "label":"DragonCon 2010, Atlanta, Georgia",
        "value":"DragonCon 2010, Atlanta, Georgia"
    },
    {
        "label":"DragonCon 2012, Atlanta, Georgia",
        "value":"DragonCon 2012, Atlanta, Georgia"
    },
    {
        "label":"DragonCon, Atlanta, Georgia",
        "value":"DragonCon, Atlanta, Georgia"
    },
    {
        "label":"Dragonfire Shop, Budapest, Hungary",
        "value":"Dragonfire Shop, Budapest, Hungary"
    },
    {
        "label":"Dream Wizards, Rockville, Maryland",
        "value":"Dream Wizards, Rockville, Maryland"
    },
    {
        "label":"Dubicze Cerkiewne, Poland",
        "value":"Dubicze Cerkiewne, Poland"
    },
    {
        "label":"Dublin, Ireland",
        "value":"Dublin, Ireland"
    },
    {
        "label":"Duboicze Cerkiewne, Poland",
        "value":"Duboicze Cerkiewne, Poland"
    },
    {
        "label":"Duelos de Honra Gaming Store, Amadora, Portugal",
        "value":"Duelos de Honra Gaming Store, Amadora, Portugal"
    },
    {
        "label":"Duelos de Honra, Amadora, Portugal",
        "value":"Duelos de Honra, Amadora, Portugal"
    },
    {
        "label":"DunDraCon, San Ramon, California",
        "value":"DunDraCon, San Ramon, California"
    },
    {
        "label":"Durham, North Carolina",
        "value":"Durham, North Carolina"
    },
    {
        "label":"East Lansing, Michigan",
        "value":"East Lansing, Michigan"
    },
    {
        "label":"East Rutherford, New Jersey",
        "value":"East Rutherford, New Jersey"
    },
    {
        "label":"Edinburgh, Scotland",
        "value":"Edinburgh, Scotland"
    },
    {
        "label":"Edmonton, Alberta",
        "value":"Edmonton, Alberta"
    },
    {
        "label":"Egino, Spain",
        "value":"Egino, Spain"
    },
    {
        "label":"Eindhoven, Netherlands",
        "value":"Eindhoven, Netherlands"
    },
    {
        "label":"Elko, Nevada",
        "value":"Elko, Nevada"
    },
    {
        "label":"Endicott, New York",
        "value":"Endicott, New York"
    },
    {
        "label":"England",
        "value":"England"
    },
    {
        "label":"Erie, Pennsylvania",
        "value":"Erie, Pennsylvania"
    },
    {
        "label":"ErieCon, Erie, Pennsylvania",
        "value":"ErieCon, Erie, Pennsylvania"
    },
    {
        "label":"Espoo, Finland",
        "value":"Espoo, Finland"
    },
    {
        "label":"Essen, Germany",
        "value":"Essen, Germany"
    },
    {
        "label":"Eudemonia Game Store, Berkeley, California",
        "value":"Eudemonia Game Store, Berkeley, California"
    },
    {
        "label":"Eudemonia, Berkeley, California",
        "value":"Eudemonia, Berkeley, California"
    },
    {
        "label":"Ex Mundis, Almer\u00eda, Spain",
        "value":"Ex Mundis, Almer\u00eda, Spain"
    },
    {
        "label":"Fabian's Pizza, Columbus, Ohio",
        "value":"Fabian's Pizza, Columbus, Ohio"
    },
    {
        "label":"Fabian's Pizza, Origins, Columbus, Ohio",
        "value":"Fabian's Pizza, Origins, Columbus, Ohio"
    },
    {
        "label":"Fabian's bar, Columbus, Ohio",
        "value":"Fabian's bar, Columbus, Ohio"
    },
    {
        "label":"Face \u00e0 Face, Montreal, Quebec",
        "value":"Face \u00e0 Face, Montreal, Quebec"
    },
    {
        "label":"Fair Lawn, New Jersey",
        "value":"Fair Lawn, New Jersey"
    },
    {
        "label":"Fantasiapelit Helsinki, Kaivopiha, Finland",
        "value":"Fantasiapelit Helsinki, Kaivopiha, Finland"
    },
    {
        "label":"Fantasiapelit game room, Helsinki, Finland",
        "value":"Fantasiapelit game room, Helsinki, Finland"
    },
    {
        "label":"Fantasiapelit, Helsinki, Finland",
        "value":"Fantasiapelit, Helsinki, Finland"
    },
    {
        "label":"Fantasiapelit, Joensuu, Finland",
        "value":"Fantasiapelit, Joensuu, Finland"
    },
    {
        "label":"Fantastic Games, Edmonds, Washington",
        "value":"Fantastic Games, Edmonds, Washington"
    },
    {
        "label":"Fast Break Sports, Brisbane, Australia",
        "value":"Fast Break Sports, Brisbane, Australia"
    },
    {
        "label":"Fastbreak, 1 Chapel Street, Nundah, Brisbane, Australia",
        "value":"Fastbreak, 1 Chapel Street, Nundah, Brisbane, Australia"
    },
    {
        "label":"Fat Cat Books, Johnson City, New York",
        "value":"Fat Cat Books, Johnson City, New York"
    },
    {
        "label":"Ferry between Stockholm and Helsinki, Sweden",
        "value":"Ferry between Stockholm and Helsinki, Sweden"
    },
    {
        "label":"Finland",
        "value":"Finland"
    },
    {
        "label":"Flekkefjord, Norway",
        "value":"Flekkefjord, Norway"
    },
    {
        "label":"Flint, Michigan",
        "value":"Flint, Michigan"
    },
    {
        "label":"Florence, Italy",
        "value":"Florence, Italy"
    },
    {
        "label":"Fortaleza, Brazil",
        "value":"Fortaleza, Brazil"
    },
    {
        "label":"France",
        "value":"France"
    },
    {
        "label":"Frankfurt, Germany",
        "value":"Frankfurt, Germany"
    },
    {
        "label":"Freiburg, Germany",
        "value":"Freiburg, Germany"
    },
    {
        "label":"Game Table Adventures, Newark, Ohio",
        "value":"Game Table Adventures, Newark, Ohio"
    },
    {
        "label":"Games and Comics...and Stuff, Glen Burnie, Maryland",
        "value":"Games and Comics...and Stuff, Glen Burnie, Maryland"
    },
    {
        "label":"Games to Die For, Indianapolis, Indiana",
        "value":"Games to Die For, Indianapolis, Indiana"
    },
    {
        "label":"Gamex 2001, Los Angeles",
        "value":"Gamex 2001, Los Angeles"
    },
    {
        "label":"Gamex 2012, Los Angeles, California",
        "value":"Gamex 2012, Los Angeles, California"
    },
    {
        "label":"Gamex, Los Angeles, California",
        "value":"Gamex, Los Angeles, California"
    },
    {
        "label":"Gateway, Los Angeles, California",
        "value":"Gateway, Los Angeles, California"
    },
    {
        "label":"Gatineau, Canada",
        "value":"Gatineau, Canada"
    },
    {
        "label":"Gatineau, Quebec",
        "value":"Gatineau, Quebec"
    },
    {
        "label":"Gdansk, Poland",
        "value":"Gdansk, Poland"
    },
    {
        "label":"Gda\u0144sk, Poland",
        "value":"Gda\u0144sk, Poland"
    },
    {
        "label":"Gdynia, Poland",
        "value":"Gdynia, Poland"
    },
    {
        "label":"Gelsenkirchen, Germany",
        "value":"Gelsenkirchen, Germany"
    },
    {
        "label":"GenCon SoCal 2005, Los Angeles, California",
        "value":"GenCon SoCal 2005, Los Angeles, California"
    },
    {
        "label":"GenCon UK, London, England",
        "value":"GenCon UK, London, England"
    },
    {
        "label":"GenCon UK, Manchester, England",
        "value":"GenCon UK, Manchester, England"
    },
    {
        "label":"GenCon, Indianapolis, Indiana",
        "value":"GenCon, Indianapolis, Indiana"
    },
    {
        "label":"GenCon, Milwaukee, Wisconsin",
        "value":"GenCon, Milwaukee, Wisconsin"
    },
    {
        "label":"GenConUK, Leicestershire, England",
        "value":"GenConUK, Leicestershire, England"
    },
    {
        "label":"Gencon 2005, Indianapolis, Indiana",
        "value":"Gencon 2005, Indianapolis, Indiana"
    },
    {
        "label":"Gencon Australia, Brisbane, Australia",
        "value":"Gencon Australia, Brisbane, Australia"
    },
    {
        "label":"Gencon UK, Leicestershire, England",
        "value":"Gencon UK, Leicestershire, England"
    },
    {
        "label":"Geneva, Switzerland",
        "value":"Geneva, Switzerland"
    },
    {
        "label":"Genoa, Italy",
        "value":"Genoa, Italy"
    },
    {
        "label":"Genova, Italy",
        "value":"Genova, Italy"
    },
    {
        "label":"Gent, Belgium",
        "value":"Gent, Belgium"
    },
    {
        "label":"Gen\u00e8ve, Switzerland",
        "value":"Gen\u00e8ve, Switzerland"
    },
    {
        "label":"Georgia",
        "value":"Georgia"
    },
    {
        "label":"Germany",
        "value":"Germany"
    },
    {
        "label":"Ghent, Belgium",
        "value":"Ghent, Belgium"
    },
    {
        "label":"Gislarb\u00f6lentie, Pernaja, Finland",
        "value":"Gislarb\u00f6lentie, Pernaja, Finland"
    },
    {
        "label":"Glen Burnie, Maryland",
        "value":"Glen Burnie, Maryland"
    },
    {
        "label":"Glen Ellyn, Illinois",
        "value":"Glen Ellyn, Illinois"
    },
    {
        "label":"Gliwice, Poland",
        "value":"Gliwice, Poland"
    },
    {
        "label":"Good Games (Blackburn), Melbourne, Australia",
        "value":"Good Games (Blackburn), Melbourne, Australia"
    },
    {
        "label":"Good Games, Melbourne, Australia",
        "value":"Good Games, Melbourne, Australia"
    },
    {
        "label":"Goteborg, Sweden",
        "value":"Goteborg, Sweden"
    },
    {
        "label":"GothCon 2005, Gothenburg, Sweden",
        "value":"GothCon 2005, Gothenburg, Sweden"
    },
    {
        "label":"GothCon 2007, Gothenburg, Sweden",
        "value":"GothCon 2007, Gothenburg, Sweden"
    },
    {
        "label":"GothCon 2010, Gothenburg, Sweden",
        "value":"GothCon 2010, Gothenburg, Sweden"
    },
    {
        "label":"GothCon 2011, Gothenburg, Sweden",
        "value":"GothCon 2011, Gothenburg, Sweden"
    },
    {
        "label":"GothCon XXXVI, Gothenburg, Sweden",
        "value":"GothCon XXXVI, Gothenburg, Sweden"
    },
    {
        "label":"GothCon, Gothenburg, Sweden",
        "value":"GothCon, Gothenburg, Sweden"
    },
    {
        "label":"Gothcon 2008, Gothenburg, Sweden",
        "value":"Gothcon 2008, Gothenburg, Sweden"
    },
    {
        "label":"Gothenburg, Sweden",
        "value":"Gothenburg, Sweden"
    },
    {
        "label":"Grand Forks, North Dakota",
        "value":"Grand Forks, North Dakota"
    },
    {
        "label":"Grand Rapids, Michigan",
        "value":"Grand Rapids, Michigan"
    },
    {
        "label":"Greece",
        "value":"Greece"
    },
    {
        "label":"Grenoble, France",
        "value":"Grenoble, France"
    },
    {
        "label":"Guard Tower game store, Columbus, Ohio",
        "value":"Guard Tower game store, Columbus, Ohio"
    },
    {
        "label":"Guarulhos, Brazil",
        "value":"Guarulhos, Brazil"
    },
    {
        "label":"Guilford College, Greensboro, North Carolina",
        "value":"Guilford College, Greensboro, North Carolina"
    },
    {
        "label":"G\u00f6d, Hungary",
        "value":"G\u00f6d, Hungary"
    },
    {
        "label":"Hadley, Massachusetts",
        "value":"Hadley, Massachusetts"
    },
    {
        "label":"Hajnowka, Poland",
        "value":"Hajnowka, Poland"
    },
    {
        "label":"Halmstad, Sweden",
        "value":"Halmstad, Sweden"
    },
    {
        "label":"Hamilton, Canada",
        "value":"Hamilton, Canada"
    },
    {
        "label":"Harrisburg, Pennsylvania",
        "value":"Harrisburg, Pennsylvania"
    },
    {
        "label":"Hatvan, Hungary",
        "value":"Hatvan, Hungary"
    },
    {
        "label":"Hawaii",
        "value":"Hawaii"
    },
    {
        "label":"Heath, Ohio",
        "value":"Heath, Ohio"
    },
    {
        "label":"Heidelburg, Germany",
        "value":"Heidelburg, Germany"
    },
    {
        "label":"Helsinki, Finland",
        "value":"Helsinki, Finland"
    },
    {
        "label":"HeroesCon, Charlotte, North Carolina",
        "value":"HeroesCon, Charlotte, North Carolina"
    },
    {
        "label":"High Museum of Art, Milwaukee, Wisconsin",
        "value":"High Museum of Art, Milwaukee, Wisconsin"
    },
    {
        "label":"Hilversum, Netherlands",
        "value":"Hilversum, Netherlands"
    },
    {
        "label":"Hobart, Australia",
        "value":"Hobart, Australia"
    },
    {
        "label":"Honolulu, Hawaii",
        "value":"Honolulu, Hawaii"
    },
    {
        "label":"Hospitalet de Llobregat, Barcelona, Spain",
        "value":"Hospitalet de Llobregat, Barcelona, Spain"
    },
    {
        "label":"Houston, Texas",
        "value":"Houston, Texas"
    },
    {
        "label":"Hradec Kralove, Czech Republic",
        "value":"Hradec Kralove, Czech Republic"
    },
    {
        "label":"Hull City, Quebec",
        "value":"Hull City, Quebec"
    },
    {
        "label":"Hungary",
        "value":"Hungary"
    },
    {
        "label":"Hyvink\u00e4\u00e4, Finland",
        "value":"Hyvink\u00e4\u00e4, Finland"
    },
    {
        "label":"H\u00e4gersten, Sweden",
        "value":"H\u00e4gersten, Sweden"
    },
    {
        "label":"IST University, Lisbon, Portugal",
        "value":"IST University, Lisbon, Portugal"
    },
    {
        "label":"Iceland",
        "value":"Iceland"
    },
    {
        "label":"Illinois",
        "value":"Illinois"
    },
    {
        "label":"Iloilo, Philippines",
        "value":"Iloilo, Philippines"
    },
    {
        "label":"Imperial Outpost Games, West Cactus, Phoenix, Arizona",
        "value":"Imperial Outpost Games, West Cactus, Phoenix, Arizona"
    },
    {
        "label":"Indiana",
        "value":"Indiana"
    },
    {
        "label":"Indianapolis, Indiana",
        "value":"Indianapolis, Indiana"
    },
    {
        "label":"Ipu, Brazil",
        "value":"Ipu, Brazil"
    },
    {
        "label":"Ireland",
        "value":"Ireland"
    },
    {
        "label":"Isle of Wight, England",
        "value":"Isle of Wight, England"
    },
    {
        "label":"Italy",
        "value":"Italy"
    },
    {
        "label":"Italy, Modena",
        "value":"Italy, Modena"
    },
    {
        "label":"Itaocara, Brazil",
        "value":"Itaocara, Brazil"
    },
    {
        "label":"Ithaca, New York",
        "value":"Ithaca, New York"
    },
    {
        "label":"Janovice - Bystr\u00e9, Czech Republic",
        "value":"Janovice - Bystr\u00e9, Czech Republic"
    },
    {
        "label":"Janvry, France",
        "value":"Janvry, France"
    },
    {
        "label":"Japan",
        "value":"Japan"
    },
    {
        "label":"Jester's Playhouse, Northfield, New Jersey",
        "value":"Jester's Playhouse, Northfield, New Jersey"
    },
    {
        "label":"Jeux Face a Face, Montreal, Quebec",
        "value":"Jeux Face a Face, Montreal, Quebec"
    },
    {
        "label":"Jeux Face \u00e0 Face, Verdun (Montr\u00e9al), Quebec",
        "value":"Jeux Face \u00e0 Face, Verdun (Montr\u00e9al), Quebec"
    },
    {
        "label":"Jihlava, Czech Republic",
        "value":"Jihlava, Czech Republic"
    },
    {
        "label":"Joensuu, Finland",
        "value":"Joensuu, Finland"
    },
    {
        "label":"Johannesburg, South Africa",
        "value":"Johannesburg, South Africa"
    },
    {
        "label":"Jugged Hare Pub, Victoria, London, England",
        "value":"Jugged Hare Pub, Victoria, London, England"
    },
    {
        "label":"Jugged Hare, London, England",
        "value":"Jugged Hare, London, England"
    },
    {
        "label":"Jugged Hare, Vauxhall Bridge Road, London, England",
        "value":"Jugged Hare, Vauxhall Bridge Road, London, England"
    },
    {
        "label":"Juiz de Fora, Brazil",
        "value":"Juiz de Fora, Brazil"
    },
    {
        "label":"Jundiai, Brazil",
        "value":"Jundiai, Brazil"
    },
    {
        "label":"Jundia\u00ed, S\u00e3o Paulo, Brazil",
        "value":"Jundia\u00ed, S\u00e3o Paulo, Brazil"
    },
    {
        "label":"J\u00e4rntorget, Gothenburg, Sweden",
        "value":"J\u00e4rntorget, Gothenburg, Sweden"
    },
    {
        "label":"Kai Doll's apartment, Prince of Seattle, Seattle, Washington",
        "value":"Kai Doll's apartment, Prince of Seattle, Seattle, Washington"
    },
    {
        "label":"Kaivopiha, Finland",
        "value":"Kaivopiha, Finland"
    },
    {
        "label":"Kansas City, Missouri",
        "value":"Kansas City, Missouri"
    },
    {
        "label":"Karlsruhe, Germany",
        "value":"Karlsruhe, Germany"
    },
    {
        "label":"Karlstad, Sweden",
        "value":"Karlstad, Sweden"
    },
    {
        "label":"Katalinpuszta, Hungary",
        "value":"Katalinpuszta, Hungary"
    },
    {
        "label":"Katalinpuszta-Szendehely, Hungary",
        "value":"Katalinpuszta-Szendehely, Hungary"
    },
    {
        "label":"Katowice, Poland",
        "value":"Katowice, Poland"
    },
    {
        "label":"Kecskemet, Hungary",
        "value":"Kecskemet, Hungary"
    },
    {
        "label":"Kecskem\u00e9t, Hungary",
        "value":"Kecskem\u00e9t, Hungary"
    },
    {
        "label":"Kismaros, Hungary",
        "value":"Kismaros, Hungary"
    },
    {
        "label":"Kosice, Slovakia",
        "value":"Kosice, Slovakia"
    },
    {
        "label":"Kragujevac, Serbia",
        "value":"Kragujevac, Serbia"
    },
    {
        "label":"Krakow, Poland",
        "value":"Krakow, Poland"
    },
    {
        "label":"Kralupy, Czech Republic",
        "value":"Kralupy, Czech Republic"
    },
    {
        "label":"L'Hospitalet, Spain",
        "value":"L'Hospitalet, Spain"
    },
    {
        "label":"La Crescenta, California",
        "value":"La Crescenta, California"
    },
    {
        "label":"La Crypte du Jeu, Marseille, France",
        "value":"La Crypte du Jeu, Marseille, France"
    },
    {
        "label":"La Guilde des Jeux, Paris, France",
        "value":"La Guilde des Jeux, Paris, France"
    },
    {
        "label":"La Guilde du Joueur, Trois-Rivi\u00e8res, Quebec",
        "value":"La Guilde du Joueur, Trois-Rivi\u00e8res, Quebec"
    },
    {
        "label":"La guilde du joueur, Trois-Rivi\u00e8res, Quebec",
        "value":"La guilde du joueur, Trois-Rivi\u00e8res, Quebec"
    },
    {
        "label":"Lafayette, Indiana",
        "value":"Lafayette, Indiana"
    },
    {
        "label":"Lafayette, Louisiana",
        "value":"Lafayette, Louisiana"
    },
    {
        "label":"Lakewood, Washington",
        "value":"Lakewood, Washington"
    },
    {
        "label":"Lansing, Illinois",
        "value":"Lansing, Illinois"
    },
    {
        "label":"Las Vegas, Nevada",
        "value":"Las Vegas, Nevada"
    },
    {
        "label":"Le Repaire du Dragon, Paris, France",
        "value":"Le Repaire du Dragon, Paris, France"
    },
    {
        "label":"Leeds, United Kingdom",
        "value":"Leeds, United Kingdom"
    },
    {
        "label":"Leicester, England",
        "value":"Leicester, England"
    },
    {
        "label":"Leiria, Portugal",
        "value":"Leiria, Portugal"
    },
    {
        "label":"Librairie le Donjon, Quebec City, Quebec",
        "value":"Librairie le Donjon, Quebec City, Quebec"
    },
    {
        "label":"Liding\u00f6, Sweden",
        "value":"Liding\u00f6, Sweden"
    },
    {
        "label":"Lille, France",
        "value":"Lille, France"
    },
    {
        "label":"Limache, Chile",
        "value":"Limache, Chile"
    },
    {
        "label":"LinCon, Link\u00f6ping, Sweden",
        "value":"LinCon, Link\u00f6ping, Sweden"
    },
    {
        "label":"Link\u00f6ping, Sweden",
        "value":"Link\u00f6ping, Sweden"
    },
    {
        "label":"Linz, Austria",
        "value":"Linz, Austria"
    },
    {
        "label":"Lisboa, Portugal",
        "value":"Lisboa, Portugal"
    },
    {
        "label":"Lisbon, Portugal",
        "value":"Lisbon, Portugal"
    },
    {
        "label":"Lithuania",
        "value":"Lithuania"
    },
    {
        "label":"Liverpool, United Kingdom",
        "value":"Liverpool, United Kingdom"
    },
    {
        "label":"Lodz, Poland",
        "value":"Lodz, Poland"
    },
    {
        "label":"Logro\u00f1o, Spain",
        "value":"Logro\u00f1o, Spain"
    },
    {
        "label":"London, England",
        "value":"London, England"
    },
    {
        "label":"Longmont, Colorado",
        "value":"Longmont, Colorado"
    },
    {
        "label":"Los Angeles",
        "value":"Los Angeles"
    },
    {
        "label":"Los Angeles, California",
        "value":"Los Angeles, California"
    },
    {
        "label":"Louisiana",
        "value":"Louisiana"
    },
    {
        "label":"Loviisa, Finland",
        "value":"Loviisa, Finland"
    },
    {
        "label":"Lublin, Poland",
        "value":"Lublin, Poland"
    },
    {
        "label":"Lucca, Italy",
        "value":"Lucca, Italy"
    },
    {
        "label":"Ludoteca, Ca l'Arno, Spain",
        "value":"Ludoteca, Ca l'Arno, Spain"
    },
    {
        "label":"Ludwigshafen, Germany",
        "value":"Ludwigshafen, Germany"
    },
    {
        "label":"Lyon , France",
        "value":"Lyon , France"
    },
    {
        "label":"Lyon, France",
        "value":"Lyon, France"
    },
    {
        "label":"M/S Silja Serenade ferry between Stockholm and Helsinki, Helsinki, Finland",
        "value":"M/S Silja Serenade ferry between Stockholm and Helsinki, Helsinki, Finland"
    },
    {
        "label":"M/S Silja Symphony (ferry between Helsinki and Stockholm), Stockholm, Sweden",
        "value":"M/S Silja Symphony (ferry between Helsinki and Stockholm), Stockholm, Sweden"
    },
    {
        "label":"Mac's Cafe, Columbus, Ohio",
        "value":"Mac's Cafe, Columbus, Ohio"
    },
    {
        "label":"Macei\u00f3, Brazil",
        "value":"Macei\u00f3, Brazil"
    },
    {
        "label":"Madison, Wisconsin",
        "value":"Madison, Wisconsin"
    },
    {
        "label":"Madrid, Spain",
        "value":"Madrid, Spain"
    },
    {
        "label":"Maine",
        "value":"Maine"
    },
    {
        "label":"Mainz, Germany",
        "value":"Mainz, Germany"
    },
    {
        "label":"Malm\u00f6, Sweden",
        "value":"Malm\u00f6, Sweden"
    },
    {
        "label":"Manacor, Spain",
        "value":"Manacor, Spain"
    },
    {
        "label":"Manaus, Amazonas, Brazil",
        "value":"Manaus, Amazonas, Brazil"
    },
    {
        "label":"Manaus, Brazil",
        "value":"Manaus, Brazil"
    },
    {
        "label":"Manheim, Germany",
        "value":"Manheim, Germany"
    },
    {
        "label":"Manila, Philippines",
        "value":"Manila, Philippines"
    },
    {
        "label":"Manistique, Michigan",
        "value":"Manistique, Michigan"
    },
    {
        "label":"Manitoba",
        "value":"Manitoba"
    },
    {
        "label":"Mannheim, Germany",
        "value":"Mannheim, Germany"
    },
    {
        "label":"Manresa, Spain",
        "value":"Manresa, Spain"
    },
    {
        "label":"Mansfield, Massachusetts",
        "value":"Mansfield, Massachusetts"
    },
    {
        "label":"Maplewood, New Jersey",
        "value":"Maplewood, New Jersey"
    },
    {
        "label":"Marietta, Georgia",
        "value":"Marietta, Georgia"
    },
    {
        "label":"Market Research Dallas, Dallas, Texas",
        "value":"Market Research Dallas, Dallas, Texas"
    },
    {
        "label":"Marratx\u00ed (Mallorca), Spain",
        "value":"Marratx\u00ed (Mallorca), Spain"
    },
    {
        "label":"Marseille, France",
        "value":"Marseille, France"
    },
    {
        "label":"Martorell, Spain",
        "value":"Martorell, Spain"
    },
    {
        "label":"Maryland",
        "value":"Maryland"
    },
    {
        "label":"Massa Carrara, Italy",
        "value":"Massa Carrara, Italy"
    },
    {
        "label":"Massa, Italy",
        "value":"Massa, Italy"
    },
    {
        "label":"Massachusetts",
        "value":"Massachusetts"
    },
    {
        "label":"Massachusetts?",
        "value":"Massachusetts?"
    },
    {
        "label":"Mataro, Spain",
        "value":"Mataro, Spain"
    },
    {
        "label":"Matar\u00f3, Barcelona, Spain",
        "value":"Matar\u00f3, Barcelona, Spain"
    },
    {
        "label":"Matar\u00f3, Spain",
        "value":"Matar\u00f3, Spain"
    },
    {
        "label":"Mayence, Germany",
        "value":"Mayence, Germany"
    },
    {
        "label":"Mechelen, Belgium",
        "value":"Mechelen, Belgium"
    },
    {
        "label":"Melbourne, Australia",
        "value":"Melbourne, Australia"
    },
    {
        "label":"Melbourne, Victoria",
        "value":"Melbourne, Victoria"
    },
    {
        "label":"Melbourne, Victoria, Australia",
        "value":"Melbourne, Victoria, Australia"
    },
    {
        "label":"Meruoca, Brazil",
        "value":"Meruoca, Brazil"
    },
    {
        "label":"Metagame, Budapest, Hungary",
        "value":"Metagame, Budapest, Hungary"
    },
    {
        "label":"Metz, France",
        "value":"Metz, France"
    },
    {
        "label":"Mexico",
        "value":"Mexico"
    },
    {
        "label":"Mexico City, Mexico",
        "value":"Mexico City, Mexico"
    },
    {
        "label":"Michigan",
        "value":"Michigan"
    },
    {
        "label":"Midgard Games, Mexico City, Mexico",
        "value":"Midgard Games, Mexico City, Mexico"
    },
    {
        "label":"Mikkeli, Finland",
        "value":"Mikkeli, Finland"
    },
    {
        "label":"Milan, Italy",
        "value":"Milan, Italy"
    },
    {
        "label":"Milano, Italy",
        "value":"Milano, Italy"
    },
    {
        "label":"Milwaukee, Wisconsin",
        "value":"Milwaukee, Wisconsin"
    },
    {
        "label":"Minneapolis, Minnesota",
        "value":"Minneapolis, Minnesota"
    },
    {
        "label":"Minnesota",
        "value":"Minnesota"
    },
    {
        "label":"Minsk, Belarus",
        "value":"Minsk, Belarus"
    },
    {
        "label":"Minsk, Belorussia",
        "value":"Minsk, Belorussia"
    },
    {
        "label":"Miramas, France",
        "value":"Miramas, France"
    },
    {
        "label":"Miskolc, Hungary",
        "value":"Miskolc, Hungary"
    },
    {
        "label":"Missouri",
        "value":"Missouri"
    },
    {
        "label":"Modena",
        "value":"Modena"
    },
    {
        "label":"Mollet del Vall\u00e9s, Catalunya, Spain",
        "value":"Mollet del Vall\u00e9s, Catalunya, Spain"
    },
    {
        "label":"Montfoort, Netherlands",
        "value":"Montfoort, Netherlands"
    },
    {
        "label":"Montpellier, France",
        "value":"Montpellier, France"
    },
    {
        "label":"Montreal, Quebec",
        "value":"Montreal, Quebec"
    },
    {
        "label":"Montreuil, France",
        "value":"Montreuil, France"
    },
    {
        "label":"Moscow, Russia",
        "value":"Moscow, Russia"
    },
    {
        "label":"Moscow, Russian Federation",
        "value":"Moscow, Russian Federation"
    },
    {
        "label":"Moskow, Russia",
        "value":"Moskow, Russia"
    },
    {
        "label":"Moss, Norway",
        "value":"Moss, Norway"
    },
    {
        "label":"Mox Boarding Board, Seattle, Washington",
        "value":"Mox Boarding Board, Seattle, Washington"
    },
    {
        "label":"Mulligan A3, Bilbao, Spain",
        "value":"Mulligan A3, Bilbao, Spain"
    },
    {
        "label":"Munich, Germany",
        "value":"Munich, Germany"
    },
    {
        "label":"Mustam\u00e4nnist\u00f6, Finland",
        "value":"Mustam\u00e4nnist\u00f6, Finland"
    },
    {
        "label":"M\u00e9xico",
        "value":"M\u00e9xico"
    },
    {
        "label":"M\u00f3stoles, Madrid, Spain",
        "value":"M\u00f3stoles, Madrid, Spain"
    },
    {
        "label":"Nagymaros, Hungary",
        "value":"Nagymaros, Hungary"
    },
    {
        "label":"Nancy, France",
        "value":"Nancy, France"
    },
    {
        "label":"Naperville, Illinois",
        "value":"Naperville, Illinois"
    },
    {
        "label":"Netherlands",
        "value":"Netherlands"
    },
    {
        "label":"Neutral Ground, New York City, New York",
        "value":"Neutral Ground, New York City, New York"
    },
    {
        "label":"Nevada",
        "value":"Nevada"
    },
    {
        "label":"New Holland, Pennsylvania",
        "value":"New Holland, Pennsylvania"
    },
    {
        "label":"New Jersey",
        "value":"New Jersey"
    },
    {
        "label":"New Orleans",
        "value":"New Orleans"
    },
    {
        "label":"New Orleans, Louisiana",
        "value":"New Orleans, Louisiana"
    },
    {
        "label":"New York",
        "value":"New York"
    },
    {
        "label":"New York City, New York",
        "value":"New York City, New York"
    },
    {
        "label":"New Zealand",
        "value":"New Zealand"
    },
    {
        "label":"Newark, Ohio",
        "value":"Newark, Ohio"
    },
    {
        "label":"Newcastle (New South Wales), Australia",
        "value":"Newcastle (New South Wales), Australia"
    },
    {
        "label":"Newtown, Pennsylvania",
        "value":"Newtown, Pennsylvania"
    },
    {
        "label":"Nice, France",
        "value":"Nice, France"
    },
    {
        "label":"Nijmegen, Netherlands",
        "value":"Nijmegen, Netherlands"
    },
    {
        "label":"North Adelaide, Australia",
        "value":"North Adelaide, Australia"
    },
    {
        "label":"North Carolina",
        "value":"North Carolina"
    },
    {
        "label":"North Dakota",
        "value":"North Dakota"
    },
    {
        "label":"Northampton, Massachusetts",
        "value":"Northampton, Massachusetts"
    },
    {
        "label":"Northfield, New Jersey",
        "value":"Northfield, New Jersey"
    },
    {
        "label":"Norway",
        "value":"Norway"
    },
    {
        "label":"Nova Scotia",
        "value":"Nova Scotia"
    },
    {
        "label":"Nowa S\u00f3l, Poland",
        "value":"Nowa S\u00f3l, Poland"
    },
    {
        "label":"Nundah, Brisbane, Australia",
        "value":"Nundah, Brisbane, Australia"
    },
    {
        "label":"Nyon, Switzerland",
        "value":"Nyon, Switzerland"
    },
    {
        "label":"Oakland, California",
        "value":"Oakland, California"
    },
    {
        "label":"Ohio",
        "value":"Ohio"
    },
    {
        "label":"Oklahoma",
        "value":"Oklahoma"
    },
    {
        "label":"Oklahoma City, Oklahoma",
        "value":"Oklahoma City, Oklahoma"
    },
    {
        "label":"Ontario",
        "value":"Ontario"
    },
    {
        "label":"Oporto, Portugal",
        "value":"Oporto, Portugal"
    },
    {
        "label":"OrcCon, Los Angeles, California",
        "value":"OrcCon, Los Angeles, California"
    },
    {
        "label":"Orccon 2013, Los Angeles, California",
        "value":"Orccon 2013, Los Angeles, California"
    },
    {
        "label":"Origins 2011, Columbus, Ohio",
        "value":"Origins 2011, Columbus, Ohio"
    },
    {
        "label":"Origins Game Fair, Columbus, Ohio",
        "value":"Origins Game Fair, Columbus, Ohio"
    },
    {
        "label":"Origins, Columbus, Ohio",
        "value":"Origins, Columbus, Ohio"
    },
    {
        "label":"Orivesi, Finland",
        "value":"Orivesi, Finland"
    },
    {
        "label":"Osijek, Croatia",
        "value":"Osijek, Croatia"
    },
    {
        "label":"Oslo, Norway",
        "value":"Oslo, Norway"
    },
    {
        "label":"Ostelen, Paris, France",
        "value":"Ostelen, Paris, France"
    },
    {
        "label":"Ostrava, Czech Republic",
        "value":"Ostrava, Czech Republic"
    },
    {
        "label":"Ottawa, Ontario",
        "value":"Ottawa, Ontario"
    },
    {
        "label":"Outokumpu, Finland",
        "value":"Outokumpu, Finland"
    },
    {
        "label":"Outpost 2000, Coon Rapids, Minnesota",
        "value":"Outpost 2000, Coon Rapids, Minnesota"
    },
    {
        "label":"Outpost, Brussels, Belgium",
        "value":"Outpost, Brussels, Belgium"
    },
    {
        "label":"Oye Plage, France",
        "value":"Oye Plage, France"
    },
    {
        "label":"Palazzolo sull'Oglio, Italy",
        "value":"Palazzolo sull'Oglio, Italy"
    },
    {
        "label":"Palma de Malloca, Spain",
        "value":"Palma de Malloca, Spain"
    },
    {
        "label":"Palma de Mallorca, Spain",
        "value":"Palma de Mallorca, Spain"
    },
    {
        "label":"Palma de Malorca, Spain",
        "value":"Palma de Malorca, Spain"
    },
    {
        "label":"Pamplona, Spain",
        "value":"Pamplona, Spain"
    },
    {
        "label":"Parets del Vall\u00e8s, Spain",
        "value":"Parets del Vall\u00e8s, Spain"
    },
    {
        "label":"Paris, France",
        "value":"Paris, France"
    },
    {
        "label":"Parramatta, Australia",
        "value":"Parramatta, Australia"
    },
    {
        "label":"Pazin, Croatia",
        "value":"Pazin, Croatia"
    },
    {
        "label":"Pennsylvania",
        "value":"Pennsylvania"
    },
    {
        "label":"Penrith, Australia",
        "value":"Penrith, Australia"
    },
    {
        "label":"Perth, Australia",
        "value":"Perth, Australia"
    },
    {
        "label":"Perth, Scotland",
        "value":"Perth, Scotland"
    },
    {
        "label":"Philadelphia",
        "value":"Philadelphia"
    },
    {
        "label":"Philippines",
        "value":"Philippines"
    },
    {
        "label":"Phoenix, Arizona",
        "value":"Phoenix, Arizona"
    },
    {
        "label":"Pineville, North Carolina",
        "value":"Pineville, North Carolina"
    },
    {
        "label":"Pirata Bar, Cear\u00e1, Brazil",
        "value":"Pirata Bar, Cear\u00e1, Brazil"
    },
    {
        "label":"Pittsburgh, Pennsylvania",
        "value":"Pittsburgh, Pennsylvania"
    },
    {
        "label":"Podlaskie, Poland",
        "value":"Podlaskie, Poland"
    },
    {
        "label":"Poitiers, France",
        "value":"Poitiers, France"
    },
    {
        "label":"Poland",
        "value":"Poland"
    },
    {
        "label":"Ponteils et Br\u00e9sis, France",
        "value":"Ponteils et Br\u00e9sis, France"
    },
    {
        "label":"Pordenone, Italy",
        "value":"Pordenone, Italy"
    },
    {
        "label":"Pori, Finland",
        "value":"Pori, Finland"
    },
    {
        "label":"Portsmouth, England",
        "value":"Portsmouth, England"
    },
    {
        "label":"Portugal",
        "value":"Portugal"
    },
    {
        "label":"Poznan, Poland",
        "value":"Poznan, Poland"
    },
    {
        "label":"Pozna\u0144, Poland",
        "value":"Pozna\u0144, Poland"
    },
    {
        "label":"Prague, Czech Republic",
        "value":"Prague, Czech Republic"
    },
    {
        "label":"Praia Grande, Brazil",
        "value":"Praia Grande, Brazil"
    },
    {
        "label":"Pretoria, Tshwane, South Africa",
        "value":"Pretoria, Tshwane, South Africa"
    },
    {
        "label":"Providence, Rhode Island",
        "value":"Providence, Rhode Island"
    },
    {
        "label":"Pszczyna, Poland",
        "value":"Pszczyna, Poland"
    },
    {
        "label":"Quebec",
        "value":"Quebec"
    },
    {
        "label":"Quebec City, Quebec",
        "value":"Quebec City, Quebec"
    },
    {
        "label":"Quezon City, Philippines",
        "value":"Quezon City, Philippines"
    },
    {
        "label":"Quinnipiac University, Hamden, Connecticut",
        "value":"Quinnipiac University, Hamden, Connecticut"
    },
    {
        "label":"Raleigh, North Carolina",
        "value":"Raleigh, North Carolina"
    },
    {
        "label":"Rancagua, Chile",
        "value":"Rancagua, Chile"
    },
    {
        "label":"Reading, England",
        "value":"Reading, England"
    },
    {
        "label":"Rennes, France",
        "value":"Rennes, France"
    },
    {
        "label":"Reus, Spain",
        "value":"Reus, Spain"
    },
    {
        "label":"Reykjav\u00edk, Iceland",
        "value":"Reykjav\u00edk, Iceland"
    },
    {
        "label":"Rhode Island",
        "value":"Rhode Island"
    },
    {
        "label":"Riihim\u00e4ki, Finland",
        "value":"Riihim\u00e4ki, Finland"
    },
    {
        "label":"Rio de Janeiro, Brazil",
        "value":"Rio de Janeiro, Brazil"
    },
    {
        "label":"Rockhampton (Queensland), Australia",
        "value":"Rockhampton (Queensland), Australia"
    },
    {
        "label":"Rockville, Maryland",
        "value":"Rockville, Maryland"
    },
    {
        "label":"Rome, Italy",
        "value":"Rome, Italy"
    },
    {
        "label":"Ropecon 2003, Helsinki, Finland",
        "value":"Ropecon 2003, Helsinki, Finland"
    },
    {
        "label":"Ropecon 2004, Helsinki, Finland",
        "value":"Ropecon 2004, Helsinki, Finland"
    },
    {
        "label":"Ropecon 2005, Espoo, Finland",
        "value":"Ropecon 2005, Espoo, Finland"
    },
    {
        "label":"Ropecon 2007, Espoo, Finland",
        "value":"Ropecon 2007, Espoo, Finland"
    },
    {
        "label":"Ropecon 2008, Espoo, Finland",
        "value":"Ropecon 2008, Espoo, Finland"
    },
    {
        "label":"Ropecon 2009, Espoo, Finland",
        "value":"Ropecon 2009, Espoo, Finland"
    },
    {
        "label":"Ropecon 2010, Dipoli, Espoo, Finland",
        "value":"Ropecon 2010, Dipoli, Espoo, Finland"
    },
    {
        "label":"Ropecon 2011, Espoo, Finland",
        "value":"Ropecon 2011, Espoo, Finland"
    },
    {
        "label":"Ropecon 2012, Espoo, Finland",
        "value":"Ropecon 2012, Espoo, Finland"
    },
    {
        "label":"Ropecon 2014 gaming convention, Dipoli, Espoo, Finland",
        "value":"Ropecon 2014 gaming convention, Dipoli, Espoo, Finland"
    },
    {
        "label":"Ropecon 2015 gaming convention, Dipoli, Espoo, Finland",
        "value":"Ropecon 2015 gaming convention, Dipoli, Espoo, Finland"
    },
    {
        "label":"Ropecon 2016 gaming convention, Messukeskus, Helsinki, Finland",
        "value":"Ropecon 2016 gaming convention, Messukeskus, Helsinki, Finland"
    },
    {
        "label":"Ropecon 2017 gaming convention, Messukeskus, Helsinki, Finland",
        "value":"Ropecon 2017 gaming convention, Messukeskus, Helsinki, Finland"
    },
    {
        "label":"Ropecon, Espoo (Helsinki), Finland",
        "value":"Ropecon, Espoo (Helsinki), Finland"
    },
    {
        "label":"Ropecon, Espoo, Finland",
        "value":"Ropecon, Espoo, Finland"
    },
    {
        "label":"Russia",
        "value":"Russia"
    },
    {
        "label":"Russian Federation",
        "value":"Russian Federation"
    },
    {
        "label":"Rusutj\u00e4rvi, Finland",
        "value":"Rusutj\u00e4rvi, Finland"
    },
    {
        "label":"R\u00f6hkyl\u00e4, Helsinki, Finland",
        "value":"R\u00f6hkyl\u00e4, Helsinki, Finland"
    },
    {
        "label":"SNCF lunch hall, Paris, France",
        "value":"SNCF lunch hall, Paris, France"
    },
    {
        "label":"Sabadell, Spain",
        "value":"Sabadell, Spain"
    },
    {
        "label":"Saint Christol lez Al\u00e8s, France",
        "value":"Saint Christol lez Al\u00e8s, France"
    },
    {
        "label":"Saint-Etienne, France",
        "value":"Saint-Etienne, France"
    },
    {
        "label":"Salamanca, Spain",
        "value":"Salamanca, Spain"
    },
    {
        "label":"Salle des Pavillons, Lyon, France",
        "value":"Salle des Pavillons, Lyon, France"
    },
    {
        "label":"Salt Lake City, Utah",
        "value":"Salt Lake City, Utah"
    },
    {
        "label":"Sammamish, Washington",
        "value":"Sammamish, Washington"
    },
    {
        "label":"San Jose, California",
        "value":"San Jose, California"
    },
    {
        "label":"San Juan, Philippines",
        "value":"San Juan, Philippines"
    },
    {
        "label":"San Ramon, California",
        "value":"San Ramon, California"
    },
    {
        "label":"San Sebasti\u00e1n, Spain",
        "value":"San Sebasti\u00e1n, Spain"
    },
    {
        "label":"Santa Clara, California",
        "value":"Santa Clara, California"
    },
    {
        "label":"Santiago, Chile",
        "value":"Santiago, Chile"
    },
    {
        "label":"Sa\u00f5 Paulo, Brazil",
        "value":"Sa\u00f5 Paulo, Brazil"
    },
    {
        "label":"Scotland",
        "value":"Scotland"
    },
    {
        "label":"Seattle, Washington",
        "value":"Seattle, Washington"
    },
    {
        "label":"Second Bite, Portsmouth, England",
        "value":"Second Bite, Portsmouth, England"
    },
    {
        "label":"Seekonk, Massachusetts",
        "value":"Seekonk, Massachusetts"
    },
    {
        "label":"Serbia",
        "value":"Serbia"
    },
    {
        "label":"Serra, Brazil",
        "value":"Serra, Brazil"
    },
    {
        "label":"Sevilla, Spain",
        "value":"Sevilla, Spain"
    },
    {
        "label":"Sharonville, Ohio",
        "value":"Sharonville, Ohio"
    },
    {
        "label":"Sherbrooke, Quebec",
        "value":"Sherbrooke, Quebec"
    },
    {
        "label":"Shore Con, Cherry Hill, New Jersey",
        "value":"Shore Con, Cherry Hill, New Jersey"
    },
    {
        "label":"Singapore",
        "value":"Singapore"
    },
    {
        "label":"Singapore, Singapore",
        "value":"Singapore, Singapore"
    },
    {
        "label":"Slany, Czech Republic",
        "value":"Slany, Czech Republic"
    },
    {
        "label":"Slovak Republic",
        "value":"Slovak Republic"
    },
    {
        "label":"Slovakia",
        "value":"Slovakia"
    },
    {
        "label":"Soissons, France",
        "value":"Soissons, France"
    },
    {
        "label":"Somerset, Massachusetts",
        "value":"Somerset, Massachusetts"
    },
    {
        "label":"Somewhere, Brazil",
        "value":"Somewhere, Brazil"
    },
    {
        "label":"Sonera-Talo, Tampere, Finland",
        "value":"Sonera-Talo, Tampere, Finland"
    },
    {
        "label":"Sonera-talo, Tampere, Finland",
        "value":"Sonera-talo, Tampere, Finland"
    },
    {
        "label":"Sorocaba, Brazil",
        "value":"Sorocaba, Brazil"
    },
    {
        "label":"South Africa",
        "value":"South Africa"
    },
    {
        "label":"South Australia",
        "value":"South Australia"
    },
    {
        "label":"South Carolina",
        "value":"South Carolina"
    },
    {
        "label":"Spain",
        "value":"Spain"
    },
    {
        "label":"Spielbar, Hanau, Germany",
        "value":"Spielbar, Hanau, Germany"
    },
    {
        "label":"St. Albert, Alberta",
        "value":"St. Albert, Alberta"
    },
    {
        "label":"Stanhope Arms Public House, Burton-on-Trent, England",
        "value":"Stanhope Arms Public House, Burton-on-Trent, England"
    },
    {
        "label":"Stanhope Arms, Ashby Road, Burton on Trent, England",
        "value":"Stanhope Arms, Ashby Road, Burton on Trent, England"
    },
    {
        "label":"Stanhope Arms, Burton-on-Trent, England",
        "value":"Stanhope Arms, Burton-on-Trent, England"
    },
    {
        "label":"Stellar Con, High Point, North Carolina",
        "value":"Stellar Con, High Point, North Carolina"
    },
    {
        "label":"Stockholm, Sweden",
        "value":"Stockholm, Sweden"
    },
    {
        "label":"Stone Mountain, Atlanta, Georgia",
        "value":"Stone Mountain, Atlanta, Georgia"
    },
    {
        "label":"Strasbourg, France",
        "value":"Strasbourg, France"
    },
    {
        "label":"Strategicon - GAMEX 2010, Los Angeles, California",
        "value":"Strategicon - GAMEX 2010, Los Angeles, California"
    },
    {
        "label":"Stroudsburg, Pennsylvania",
        "value":"Stroudsburg, Pennsylvania"
    },
    {
        "label":"Sundsvall, Sweden",
        "value":"Sundsvall, Sweden"
    },
    {
        "label":"Swansea, Wales",
        "value":"Swansea, Wales"
    },
    {
        "label":"Sweden",
        "value":"Sweden"
    },
    {
        "label":"Switzerland",
        "value":"Switzerland"
    },
    {
        "label":"Sydney, Australia",
        "value":"Sydney, Australia"
    },
    {
        "label":"Szczecin, Poland",
        "value":"Szczecin, Poland"
    },
    {
        "label":"Szeged, Hungary",
        "value":"Szeged, Hungary"
    },
    {
        "label":"Szolnok, Hungary",
        "value":"Szolnok, Hungary"
    },
    {
        "label":"S\u00e3o Gon\u00e7alo do Amarante, Cear\u00e1, Brazil",
        "value":"S\u00e3o Gon\u00e7alo do Amarante, Cear\u00e1, Brazil"
    },
    {
        "label":"S\u00e3o Paulo, Brazil",
        "value":"S\u00e3o Paulo, Brazil"
    },
    {
        "label":"Tacoma, Washington",
        "value":"Tacoma, Washington"
    },
    {
        "label":"Tagaytay, Philippines",
        "value":"Tagaytay, Philippines"
    },
    {
        "label":"Talca, Chile",
        "value":"Talca, Chile"
    },
    {
        "label":"Tampere, Finland",
        "value":"Tampere, Finland"
    },
    {
        "label":"Tarbes, France",
        "value":"Tarbes, France"
    },
    {
        "label":"TempleConflagration, Providence, Rhode Island",
        "value":"TempleConflagration, Providence, Rhode Island"
    },
    {
        "label":"Texas",
        "value":"Texas"
    },
    {
        "label":"The Dungeon, Crato, Cear\u00e1, Brazil",
        "value":"The Dungeon, Crato, Cear\u00e1, Brazil"
    },
    {
        "label":"The Guardtower Game store, Columbus, Ohio",
        "value":"The Guardtower Game store, Columbus, Ohio"
    },
    {
        "label":"The Guardtower, Columbus, Ohio",
        "value":"The Guardtower, Columbus, Ohio"
    },
    {
        "label":"The Jugged Hare, Victoria, London, England",
        "value":"The Jugged Hare, Victoria, London, England"
    },
    {
        "label":"The Netherlands",
        "value":"The Netherlands"
    },
    {
        "label":"The Outlook, Reading, England",
        "value":"The Outlook, Reading, England"
    },
    {
        "label":"The Plaza Bowl, Virginia, Minnesota",
        "value":"The Plaza Bowl, Virginia, Minnesota"
    },
    {
        "label":"The Rhyddings Pub, Brynmill, Swansea, Wales",
        "value":"The Rhyddings Pub, Brynmill, Swansea, Wales"
    },
    {
        "label":"Thessaloniki, Greece",
        "value":"Thessaloniki, Greece"
    },
    {
        "label":"Tiffany Center Shopping, Vit\u00f3ria, Brazil",
        "value":"Tiffany Center Shopping, Vit\u00f3ria, Brazil"
    },
    {
        "label":"Tilburg, Netherlands",
        "value":"Tilburg, Netherlands"
    },
    {
        "label":"Tokyo, Japan",
        "value":"Tokyo, Japan"
    },
    {
        "label":"Tolaria, C\u00f3rdoba, Spain",
        "value":"Tolaria, C\u00f3rdoba, Spain"
    },
    {
        "label":"Toluca de Lerdo, Mexico",
        "value":"Toluca de Lerdo, Mexico"
    },
    {
        "label":"Toluca de Lerdo, M\u00e9xico",
        "value":"Toluca de Lerdo, M\u00e9xico"
    },
    {
        "label":"Toluca, Mexico",
        "value":"Toluca, Mexico"
    },
    {
        "label":"Torino, Italy",
        "value":"Torino, Italy"
    },
    {
        "label":"Toronto",
        "value":"Toronto"
    },
    {
        "label":"Toronto, Ontario",
        "value":"Toronto, Ontario"
    },
    {
        "label":"Torrance, California",
        "value":"Torrance, California"
    },
    {
        "label":"Torun, Poland",
        "value":"Torun, Poland"
    },
    {
        "label":"Totalcon, Andover, Massachusetts?",
        "value":"Totalcon, Andover, Massachusetts?"
    },
    {
        "label":"Toulouse, France",
        "value":"Toulouse, France"
    },
    {
        "label":"Townsville, Australia",
        "value":"Townsville, Australia"
    },
    {
        "label":"Trento, Italy",
        "value":"Trento, Italy"
    },
    {
        "label":"Trois-Rivi\u00e8res, Quebec",
        "value":"Trois-Rivi\u00e8res, Quebec"
    },
    {
        "label":"Troll2Jeux shop, Paris, France",
        "value":"Troll2Jeux shop, Paris, France"
    },
    {
        "label":"Troll2Jeux, Paris, France",
        "value":"Troll2Jeux, Paris, France"
    },
    {
        "label":"Troll2Jeux,, Paris, France",
        "value":"Troll2Jeux,, Paris, France"
    },
    {
        "label":"Troll2jeux, Paris, France",
        "value":"Troll2jeux, Paris, France"
    },
    {
        "label":"Trondheim, Norway",
        "value":"Trondheim, Norway"
    },
    {
        "label":"Tsunami RP club, Barcelona, Spain",
        "value":"Tsunami RP club, Barcelona, Spain"
    },
    {
        "label":"Turin, Italy",
        "value":"Turin, Italy"
    },
    {
        "label":"Turku, Finland",
        "value":"Turku, Finland"
    },
    {
        "label":"Turku-sali, Turku, Finland",
        "value":"Turku-sali, Turku, Finland"
    },
    {
        "label":"Udine, Italy",
        "value":"Udine, Italy"
    },
    {
        "label":"Umea, Sweden",
        "value":"Umea, Sweden"
    },
    {
        "label":"United Kingdom",
        "value":"United Kingdom"
    },
    {
        "label":"Unlimited Hobbies, Sydney, Australia",
        "value":"Unlimited Hobbies, Sydney, Australia"
    },
    {
        "label":"Utah",
        "value":"Utah"
    },
    {
        "label":"Utrecht, Netherlands",
        "value":"Utrecht, Netherlands"
    },
    {
        "label":"Utrecht, The Netherlands",
        "value":"Utrecht, The Netherlands"
    },
    {
        "label":"Vantaa, Finland",
        "value":"Vantaa, Finland"
    },
    {
        "label":"Varigotti, Italy",
        "value":"Varigotti, Italy"
    },
    {
        "label":"Veresegyh\u00e1z, Hungary",
        "value":"Veresegyh\u00e1z, Hungary"
    },
    {
        "label":"Verona, Italy",
        "value":"Verona, Italy"
    },
    {
        "label":"Veszprem, Hungary",
        "value":"Veszprem, Hungary"
    },
    {
        "label":"Veszpr\u00e9m, Hungary",
        "value":"Veszpr\u00e9m, Hungary"
    },
    {
        "label":"Victoria",
        "value":"Victoria"
    },
    {
        "label":"Vielvic, France",
        "value":"Vielvic, France"
    },
    {
        "label":"Vienna",
        "value":"Vienna"
    },
    {
        "label":"Vienna, Austria",
        "value":"Vienna, Austria"
    },
    {
        "label":"Vila Velha, Brazil",
        "value":"Vila Velha, Brazil"
    },
    {
        "label":"Vilafranca, Spain",
        "value":"Vilafranca, Spain"
    },
    {
        "label":"Villeneuve d'Ascq, France",
        "value":"Villeneuve d'Ascq, France"
    },
    {
        "label":"Villevaud\u00e9, France",
        "value":"Villevaud\u00e9, France"
    },
    {
        "label":"Vilnius, Lithuania",
        "value":"Vilnius, Lithuania"
    },
    {
        "label":"Virginia",
        "value":"Virginia"
    },
    {
        "label":"Virginia, Minnesota",
        "value":"Virginia, Minnesota"
    },
    {
        "label":"Vitoria, Brazil",
        "value":"Vitoria, Brazil"
    },
    {
        "label":"Vitoria, Spain",
        "value":"Vitoria, Spain"
    },
    {
        "label":"Vitoria-Gasteiz, Pa\u00eds Vasco, Spain",
        "value":"Vitoria-Gasteiz, Pa\u00eds Vasco, Spain"
    },
    {
        "label":"Vitoria-Gasteiz, Spain",
        "value":"Vitoria-Gasteiz, Spain"
    },
    {
        "label":"Vitrolles, France",
        "value":"Vitrolles, France"
    },
    {
        "label":"Vit\u00f3ria, Brazil",
        "value":"Vit\u00f3ria, Brazil"
    },
    {
        "label":"Vit\u00f3ria, Espirito Santo, Brazil",
        "value":"Vit\u00f3ria, Espirito Santo, Brazil"
    },
    {
        "label":"V\u00e1c, Hungary",
        "value":"V\u00e1c, Hungary"
    },
    {
        "label":"Wales",
        "value":"Wales"
    },
    {
        "label":"Waltham, Massachusetts",
        "value":"Waltham, Massachusetts"
    },
    {
        "label":"Warsaw, Poland",
        "value":"Warsaw, Poland"
    },
    {
        "label":"Warszawa, Poland",
        "value":"Warszawa, Poland"
    },
    {
        "label":"Warwick, Rhode Island",
        "value":"Warwick, Rhode Island"
    },
    {
        "label":"Washington",
        "value":"Washington"
    },
    {
        "label":"Washington, D.C.",
        "value":"Washington, D.C."
    },
    {
        "label":"Watford, England",
        "value":"Watford, England"
    },
    {
        "label":"West Windsor, New Jersey",
        "value":"West Windsor, New Jersey"
    },
    {
        "label":"Westerville, Ohio",
        "value":"Westerville, Ohio"
    },
    {
        "label":"Wheat Ridge, Colorado",
        "value":"Wheat Ridge, Colorado"
    },
    {
        "label":"Wheatridge, Colorado",
        "value":"Wheatridge, Colorado"
    },
    {
        "label":"Wien, Austria",
        "value":"Wien, Austria"
    },
    {
        "label":"Winnipeg, Manitoba",
        "value":"Winnipeg, Manitoba"
    },
    {
        "label":"Wisconsin",
        "value":"Wisconsin"
    },
    {
        "label":"WoN 2008, Montreal, Quebec",
        "value":"WoN 2008, Montreal, Quebec"
    },
    {
        "label":"Worcester, Massachusetts",
        "value":"Worcester, Massachusetts"
    },
    {
        "label":"Wroclaw, Poland",
        "value":"Wroclaw, Poland"
    },
    {
        "label":"Your Move Games, Boston, Massachusetts",
        "value":"Your Move Games, Boston, Massachusetts"
    },
    {
        "label":"Zabrze, Poland",
        "value":"Zabrze, Poland"
    },
    {
        "label":"Zagreb, Croatia",
        "value":"Zagreb, Croatia"
    },
    {
        "label":"Zaragoza, Spain",
        "value":"Zaragoza, Spain"
    },
    {
        "label":"\u00d6rebro, Sweden",
        "value":"\u00d6rebro, Sweden"
    }
]